{
  "timestamp": 1771343354074,
  "data": {
    "sctmB7GPi5L2Q5G9tUSzXvhZ4YiDMEGcRov9KfArQpx": 6.167022036417117,
    "Bybit2vBJGhPF52GBdNaQfUJ6ZpThSgHBobjWZpLPb4B": 6.1370462242061,
    "LnTRntk2kTfWEY6cVB8K9649pgJbt6dJLS1Ns1GZCWg": 6.200927533284636,
    "CgnTSoL3DgY9SFHxcLj6CgCgKKoTBr6tp4CPAEWy25DE": 6.192051079786695,
    "LAinEtNLgpmCP9Rvsf5Hn8W6EhNiKLZQti1xfWMLy6X": 6.003720563136294,
    "7Q2afV64in6N6SeZsAAB81TJzwDoD6zpqmHkzi9Dcavn": 5.800959271352283,
    "CDCSoLckzozyktpAp9FWT3w92KFJVEUxAU7cNu2Jn3aX": 4.758492991686661,
    "vSoLxydx6akxyMD9XEcPvGYNGq6Nn66oqVb3UkGkei7": 5.757876451797395,
    "J1toso1uCk3RLmjorhTtrVwY9HJ7X8V9yYac6Y7kGCPn": 5.903470599078431,
    "Dso1bDeDjCQxTrWHqUUi63oBvV7Mdm6WaobLbQ7gnPQ": 6.760428189962934,
    "cPQPBN7WubB3zyQDpzTK2ormx1BMdAym9xkrYUJsctm": 6.3269338564144295,
    "jupSoLaHXQiZZTSfEWMTRRgpnyFm8f6sZdosWBjx93v": 6.285829453450494,
    "he1iusmfkpAdwvxLNGV8Y1iSbj4rUy6yMhEA3fotn9A": 6.0449146425793385,
    "BNso1VUJnh4zcfpZa6986Ea66P6TCp59hvtNJ8b1X85": 5.682057476895816,
    "BonK1YhkXEGLZzwtcvRTip3gAL9nCeQD7ppZBLXhtTs": 5.891107592736411,
    "mSoLzYCxHdYgdzU16g5QSh3i5K3z3KZK7ytfqcJm7So": 6.044271582831015,
    "strng7mqqc1MBJJV6vMzYbEqnwVGvKKGKedeCvtktWA": 6.2115595533119325,
    "sctmTAsDn4tLUcemqoqYijfuRkiEfAMPi84PNq2EueR": 5.939545392342057,
    "pSo1f9nQXWgXibFtKf7NWYxb5enAM4qfP6UJSiXRQfL": 6.581264140926257,
    "HUBsveNpjo5pWqNkH57QzxjQASdTVXcSK7bVKTSZtcSX": 5.532014455306896,
    "bSo13r4TkiE4KumL71LsHTPpL2euBYLFx6h9HP3piy1": 5.805496948262415
  }
}